etiqueta,plataforma,procesos,lote_mb,tamano,bytes,tiempo_s,mb_por_s,speedup,eficiencia_pct,A,C,G,T,N,ambiguos,bases,invalidos,invalidos_por_s,tipo_error,errores_inyectados,tipos_distintos,deteccion_ok,tecnologia,dispositivo,tipo_gpu,unidades,conteo_ok,jit_s,cpu_medio,cpu_max,ram_medio,ram_mb_max,proc_mb_medio,proc_mb_max,gpu_medio,gpu_max,vram_mb_max,gpu_temp_max
CPU x1,CPU,1,,200.0 MB,209715225,1.1074,180.6,1.0,100.0,54774925,39453401,39514609,54980261,18361740,0,188723196,41144,37153.53,,,,,,,,,True,,37.26,63.5,37.29,12139,353.56,392,0.0,0,301,55
CPU x2,CPU,2,,200.0 MB,209715225,0.8949,223.48,1.237,61.87,54774925,39453401,39514609,54980261,18361740,0,188723196,41144,45974.15,,,,,,,,,True,,39.75,61.2,37.48,12242,443.88,538,0.0,0,301,55
CPU x4,CPU,4,,200.0 MB,209715225,0.8308,240.73,1.333,33.32,54774925,39453401,39514609,54980261,18361740,0,188723196,41144,49523.65,,,,,,,,,True,,56.87,75.0,37.71,12384,573.14,756,0.0,0,301,55
CPU x8,CPU,8,,200.0 MB,209715225,0.9819,203.68,1.128,14.1,54774925,39453401,39514609,54980261,18361740,0,188723196,41144,41901.97,,,,,,,,,True,,91.92,99.0,37.94,12596,666.25,972,0.0,0,301,55
CPU x12,CPU,12,,200.0 MB,209715225,1.2299,162.61,0.9,7.5,54774925,39453401,39514609,54980261,18361740,0,188723196,41144,33453.13,,,,,,,,,True,,95.13,100.0,38.33,12967,864.44,1418,0.0,0,301,56
GPU lote 8 MB,GPU,,8,200.0 MB,209715225,0.0901,2219.37,12.289,,54774925,39453401,39514609,54980261,18361740,0,188723196,41144,456568.61,,,,,,,,,True,0.799,,,,,,,,,,
GPU lote 16 MB,GPU,,16,200.0 MB,209715225,0.0748,2674.73,14.81,,54774925,39453401,39514609,54980261,18361740,0,188723196,41144,550244.74,,,,,,,,,True,0.799,,,,,,,,,,
GPU lote 32 MB,GPU,,32,200.0 MB,209715225,0.0679,2946.58,16.315,,54774925,39453401,39514609,54980261,18361740,0,188723196,41144,606170.43,,,,,,,,,True,0.799,,,,,,,,,,
GPU lote 64 MB,GPU,,64,200.0 MB,209715225,0.0779,2566.1,14.208,,54774925,39453401,39514609,54980261,18361740,0,188723196,41144,527897.32,,,,,,,,,True,0.799,,,,,,,,,,
GPU lote 128 MB,GPU,,128,200.0 MB,209715225,0.0797,2509.38,13.894,,54774925,39453401,39514609,54980261,18361740,0,188723196,41144,516230.06,,,,,,,,,True,0.799,,,,,,,,,,
GPU lote 256 MB,GPU,,256,200.0 MB,209715225,0.0977,2046.61,11.332,,54774925,39453401,39514609,54980261,18361740,0,188723196,41144,421028.07,,,,,,,,,True,0.799,,,,,,,,,,
50 MB,CPU x1,1,,50.0 MB,52428858,0.3062,163.28,,,13648779,12130481,12097838,13599311,305111,0,51476409,0,0.0,,,,,,,,,,,,,,,,,,,,
50 MB,CPU x12,12,,50.0 MB,52428858,0.7323,68.28,0.418,,13648779,12130481,12097838,13599311,305111,0,51476409,0,0.0,,,,,,,,,,,,,,,,,,,,
50 MB,GPU,,64,50.0 MB,52428858,0.0233,2145.07,13.137,,13648779,12130481,12097838,13599311,305111,0,51476409,0,0.0,,,,,,,,,,,,,,,,,,,,
200 MB,CPU x1,1,,200.0 MB,209715225,0.9009,222.01,,,54785726,39461189,39522442,54991315,18365408,0,188760672,0,0.0,,,,,,,,,,,,,,,,,,,,
200 MB,CPU x12,12,,200.0 MB,209715225,1.0768,185.74,0.837,,54785726,39461189,39522442,54991315,18365408,0,188760672,0,0.0,,,,,,,,,,,,,,,,,,,,
200 MB,GPU,,64,200.0 MB,209715225,0.0721,2774.26,12.496,,54785726,39461189,39522442,54991315,18365408,0,188760672,0,0.0,,,,,,,,,,,,,,,,,,,,
CUDA RTX 4050,GPU,,64,200.0 MB,209715225,0.1106,1808.64,10.014,,54774925,39453401,39514609,54980261,18361740,0,188723196,41144,372073.17,,,,,CUDA,NVIDIA GeForce RTX 4050 Laptop GPU,discreta,20,True,,33.65,40.6,38.0,12311,646.0,646,0.0,0,655,57
OpenCL RTX 4050,GPU,,64,200.0 MB,209715225,0.1223,1635.78,9.057,,54774925,39453401,39514609,54980261,18361740,0,188723196,41144,336511.92,,,,,OpenCL,NVIDIA GeForce RTX 4050 Laptop GPU,discreta,20,True,,,,,,,,,,,
OpenCL Intel UHD Gfx,GPU,,64,200.0 MB,209715225,0.1505,1329.01,7.359,,54774925,39453401,39514609,54980261,18361740,0,188723196,41144,273404.22,,,,,OpenCL,Intel(R) UHD Graphics,integrada,48,True,,,,,,,,,,,
letras (CPU),CPU,12,,50.0 MB,52428858,0.8202,60.96,,,13646016,12128025,12095406,13596602,305046,0,51466049,10425,12710.24,letras,10425,6,True,,,,,True,,89.73,100.0,38.53,12703,902.0,1044,3.67,11,526,57
letras (GPU),GPU,,64,50.0 MB,52428858,0.0245,2039.54,,,13646016,12128025,12095406,13596602,305046,0,51466049,10425,425242.91,letras,10425,6,True,,,,,True,,,,,,,,,,,
digitos (CPU),CPU,12,,50.0 MB,52428858,0.7119,70.24,,,13646016,12128025,12095406,13596602,305046,0,51466049,10425,14644.88,digitos,10425,10,True,,,,,True,,96.98,100.0,38.54,12644,972.8,1271,0.0,0,454,57
digitos (GPU),GPU,,64,50.0 MB,52428858,0.0268,1864.8,,,13646016,12128025,12095406,13596602,305046,0,51466049,10425,388809.74,digitos,10425,10,True,,,,,True,,,,,,,,,,,
simbolos (CPU),CPU,12,,50.0 MB,52428858,0.7507,66.6,,,13646016,12128025,12095406,13596602,305046,0,51466049,10425,13886.74,simbolos,10425,6,True,,,,,True,,95.1,100.0,38.42,12666,892.5,1034,0.0,0,446,57
simbolos (GPU),GPU,,64,50.0 MB,52428858,0.036,1387.96,,,13646016,12128025,12095406,13596602,305046,0,51466049,10425,289389.6,simbolos,10425,6,True,,,,,True,,,,,,,,,,,
espacios (CPU),CPU,12,,50.0 MB,52428858,0.7928,63.07,,,13646016,12128025,12095406,13596602,305046,0,51466049,10425,13150.35,espacios,10425,2,True,,,,,True,,91.7,100.0,38.11,12452,847.29,1090,0.0,0,444,58
espacios (GPU),GPU,,64,50.0 MB,52428858,0.0251,1991.5,,,13646016,12128025,12095406,13596602,305046,0,51466049,10425,415227.81,espacios,10425,2,True,,,,,True,,,,,,,,,,,
mixto (CPU),CPU,12,,50.0 MB,52428858,0.7236,69.1,,,13646016,12128025,12095406,13596602,305046,0,51466049,10425,14406.39,mixto,10425,24,True,,,,,True,,94.13,100.0,37.98,12492,807.83,1063,0.0,0,382,58
mixto (GPU),GPU,,64,50.0 MB,52428858,0.0246,2034.13,,,13646016,12128025,12095406,13596602,305046,0,51466049,10425,424116.68,mixto,10425,24,True,,,,,True,,,,,,,,,,,
