etiqueta,plataforma,modo,procesos,trozo_mb,tamano,bytes,tiempo_s,mb_por_s,speedup,trozos_cpu,trozos_gpu,reparto_cpu_pct,reparto_gpu_pct,solape_s,preparacion_s,A,C,G,T,N,ambiguos,bases,invalidos,conteo_ok,cpu_medio,cpu_max,cpu_temp_medio,cpu_temp_max,ram_medio,ram_mb_max,proc_mb_medio,proc_mb_max,gpu_medio,gpu_max,vram_mb_max,gpu_temp_max
CPU x1,CPU,cpu_seq,4,,500.0 MB,524288030,3.6751,136.05,1.0,,,,,,,146720027,101779804,101995518,147187757,20130700,15,497683106,0,True,36.12,75.0,61.9,61.9,58.81,19102,394.74,477,0.0,0,388,53
CPU x4,CPU,cpu_par,4,,500.0 MB,524288030,2.3198,215.54,1.584,,,,,,,146720027,101779804,101995518,147187757,20130700,15,497683106,0,True,78.55,100.0,61.9,61.9,59.42,19436,598.82,781,0.0,0,388,53
GPU sola,GPU,gpu,0,16,500.0 MB,524288030,0.765,653.61,4.804,0,32,0.0,100.0,0.0,0.0531,146720027,101779804,101995518,147187757,20130700,15,497683106,0,True,58.0,77.8,61.9,61.9,59.18,19203,520.5,553,30.0,90,536,53
CPU x4 + GPU,HIBRIDO,hibrido,4,16,500.0 MB,524288030,1.0383,481.55,3.539,8,24,25.6,74.4,0.7836,0.5553,146720027,101779804,101995518,147187757,20130700,15,497683106,0,True,68.64,84.6,61.9,61.9,58.83,19381,646.9,913,30.8,90,536,53
Hibrido x2,HIBRIDO,barrido_procesos,2,16,500.0 MB,524288030,0.7614,656.73,4.827,8,24,25.6,74.4,0.6233,0.3528,146720027,101779804,101995518,147187757,20130700,15,497683106,0,True,51.81,85.9,61.9,61.9,58.61,19145,587.62,699,22.75,42,536,53
Hibrido x4,HIBRIDO,barrido_procesos,4,16,500.0 MB,524288030,0.4844,1032.21,7.587,6,26,19.2,80.8,0.4025,0.4468,146720027,101779804,101995518,147187757,20130700,15,497683106,0,True,69.9,95.1,61.9,61.9,58.86,19369,669.57,978,4.57,8,536,54
Hibrido x6,HIBRIDO,barrido_procesos,6,16,500.0 MB,524288030,0.8346,599.09,4.403,12,20,38.4,61.6,0.5841,0.5329,146720027,101779804,101995518,147187757,20130700,15,497683106,0,True,67.22,97.8,75.9,75.9,59.03,19440,813.22,1131,11.89,46,536,54
Hibrido x8,HIBRIDO,barrido_procesos,8,16,500.0 MB,524288030,0.7284,686.48,5.046,15,17,48.0,52.0,0.4672,0.5818,146720027,101779804,101995518,147187757,20130700,15,497683106,0,True,80.27,96.2,75.9,75.9,59.03,19504,864.89,1298,8.78,46,536,54
Hibrido x12,HIBRIDO,barrido_procesos,12,16,500.0 MB,524288030,1.1837,422.42,3.105,25,7,77.6,22.4,1.0164,0.7371,146720027,101779804,101995518,147187757,20130700,15,497683106,0,True,90.08,100.0,75.9,75.9,59.77,20056,1146.75,1919,1.5,12,684,54
Trozo 8 MB,HIBRIDO,barrido_trozo,4,8,500.0 MB,524288030,0.7583,659.34,4.846,24,39,38.4,61.6,0.6164,0.481,146720027,101779804,101995518,147187757,20130700,15,497683106,0,True,69.76,88.3,75.9,75.9,59.14,19373,747.12,982,14.25,39,684,55
Trozo 16 MB,HIBRIDO,barrido_trozo,4,16,500.0 MB,524288030,0.4995,1001.01,7.358,8,24,23.2,76.8,0.3908,0.4057,146720027,101779804,101995518,147187757,20130700,15,497683106,0,True,56.56,74.0,75.9,75.9,58.57,19114,605.86,857,20.14,63,684,55
Trozo 32 MB,HIBRIDO,barrido_trozo,4,32,500.0 MB,524288030,0.5806,861.12,6.329,5,11,29.6,70.4,0.4254,0.3805,146720027,101779804,101995518,147187757,20130700,15,497683106,0,True,51.31,80.2,75.9,75.9,58.71,19292,648.0,915,32.14,63,618,55
Trozo 64 MB,HIBRIDO,barrido_trozo,4,64,500.0 MB,524288030,0.7668,652.09,4.793,4,4,51.2,48.8,0.3019,0.4449,146720027,101779804,101995518,147187757,20130700,15,497683106,0,True,56.44,75.4,75.9,75.9,58.58,19189,661.22,912,20.67,36,552,55
50 MB,CPU,escala,4,,50.0 MB,52428858,0.5546,90.16,,,,,,,,13648779,12130481,12097838,13599311,305111,0,51476409,0,,,,,,,,,,,,,
50 MB,GPU,escala,0,16,50.0 MB,52428858,0.092,543.54,6.028,0,4,0.0,100.0,0.0,0.0478,13648779,12130481,12097838,13599311,305111,0,51476409,0,,,,,,,,,,,,,
50 MB,HIBRIDO,escala,4,16,50.0 MB,52428858,0.1553,321.98,3.571,3,1,68.0,32.0,0.03,0.4113,13648779,12130481,12097838,13599311,305111,0,51476409,0,,,,,,,,,,,,,
200 MB,CPU,escala,4,,200.0 MB,209715225,0.8487,235.65,,,,,,,,54785726,39461189,39522442,54991315,18365408,0,188760672,0,,,,,,,,,,,,,
200 MB,GPU,escala,0,16,200.0 MB,209715225,0.2329,858.72,3.644,0,13,0.0,100.0,0.0,0.0469,54785726,39461189,39522442,54991315,18365408,0,188760672,0,,,,,,,,,,,,,
200 MB,HIBRIDO,escala,4,16,200.0 MB,209715225,0.2444,818.3,3.472,4,9,32.0,68.0,0.1824,0.4015,54785726,39461189,39522442,54991315,18365408,0,188760672,0,,,,,,,,,,,,,
500 MB,CPU,escala,4,,500.0 MB,524288030,2.0897,239.27,,,,,,,,146720027,101779804,101995518,147187757,20130700,15,497683106,0,,,,,,,,,,,,,
500 MB,GPU,escala,0,16,500.0 MB,524288030,0.2904,1721.55,7.195,0,32,0.0,100.0,0.0,0.0354,146720027,101779804,101995518,147187757,20130700,15,497683106,0,,,,,,,,,,,,,
500 MB,HIBRIDO,escala,4,16,500.0 MB,524288030,0.6355,786.78,3.288,11,21,35.2,64.8,0.5015,0.4174,146720027,101779804,101995518,147187757,20130700,15,497683106,0,,,,,,,,,,,,,
