configuracion,plataforma,trabajador,trozo,trozos,bytes,inicio_s,fin_s
GPU sola,GPU,GPU,0,1,16777216,0.0008,0.0326
GPU sola,GPU,GPU,1,7,117440512,0.0327,0.2316
GPU sola,GPU,GPU,8,8,134217728,0.2319,0.4924
GPU sola,GPU,GPU,16,7,117440512,0.4926,0.6438
GPU sola,GPU,GPU,23,9,138412062,0.6439,0.7231
CPU x4 + GPU,GPU,GPU,0,1,16777216,0.0014,0.0453
CPU x4 + GPU,CPU,cpu0,1,1,16777216,0.0023,0.4264
CPU x4 + GPU,CPU,cpu1,2,1,16777216,0.0025,0.4264
CPU x4 + GPU,CPU,cpu2,3,1,16777216,0.0033,0.4264
CPU x4 + GPU,CPU,cpu3,4,1,16777216,0.0036,0.4264
CPU x4 + GPU,GPU,GPU,5,5,83886080,0.0455,0.2204
CPU x4 + GPU,GPU,GPU,10,7,117440512,0.2206,0.4523
CPU x4 + GPU,CPU,cpu2,17,1,16777216,0.4265,0.839
CPU x4 + GPU,CPU,cpu1,18,1,16777216,0.4266,0.8401
CPU x4 + GPU,CPU,cpu3,19,1,16777216,0.4266,0.825
CPU x4 + GPU,CPU,cpu0,20,1,16777216,0.4267,0.8251
CPU x4 + GPU,GPU,GPU,21,7,117440512,0.4526,0.6568
CPU x4 + GPU,GPU,GPU,28,4,54525982,0.6569,0.7868
Hibrido x2,GPU,GPU,0,1,16777216,0.0007,0.1125
Hibrido x2,CPU,cpu0,1,1,16777216,0.001,0.1299
Hibrido x2,CPU,cpu1,2,1,16777216,0.0011,0.1297
Hibrido x2,GPU,GPU,3,2,33554432,0.1126,0.1758
Hibrido x2,CPU,cpu1,5,1,16777216,0.1298,0.2623
Hibrido x2,CPU,cpu0,6,1,16777216,0.1299,0.2623
Hibrido x2,GPU,GPU,7,7,117440512,0.1759,0.32
Hibrido x2,CPU,cpu0,15,1,16777216,0.2623,0.5524
Hibrido x2,CPU,cpu1,14,1,16777216,0.2623,0.4226
Hibrido x2,GPU,GPU,16,12,201326592,0.3201,0.5692
Hibrido x2,CPU,cpu1,28,1,16777216,0.4228,0.6437
Hibrido x2,CPU,cpu0,29,1,16777216,0.5525,0.7099
Hibrido x2,GPU,GPU,30,2,20971550,0.5693,0.6247
Hibrido x4,GPU,GPU,0,1,16777216,0.0006,0.0206
Hibrido x4,CPU,cpu0,1,1,16777216,0.0009,0.2274
Hibrido x4,CPU,cpu1,2,1,16777216,0.001,0.235
Hibrido x4,CPU,cpu2,3,1,16777216,0.0012,0.2159
Hibrido x4,CPU,cpu3,4,1,16777216,0.0012,0.2351
Hibrido x4,GPU,GPU,5,12,201326592,0.0207,0.2327
Hibrido x4,CPU,cpu2,17,1,16777216,0.216,0.4036
Hibrido x4,CPU,cpu0,18,1,16777216,0.2277,0.4035
Hibrido x4,GPU,GPU,19,13,205520926,0.2328,0.4171
Hibrido x6,GPU,GPU,0,1,16777216,0.0017,0.0483
Hibrido x6,CPU,cpu0,1,1,16777216,0.0026,0.4653
Hibrido x6,CPU,cpu1,2,1,16777216,0.0027,0.4653
Hibrido x6,CPU,cpu2,3,1,16777216,0.0028,0.4658
Hibrido x6,CPU,cpu3,4,1,16777216,0.0029,0.4653
Hibrido x6,CPU,cpu4,5,1,16777216,0.0032,0.4655
Hibrido x6,CPU,cpu5,6,1,16777216,0.0034,0.4655
Hibrido x6,GPU,GPU,7,5,83886080,0.0487,0.2736
Hibrido x6,GPU,GPU,12,5,83886080,0.2738,0.4229
Hibrido x6,GPU,GPU,17,8,134217728,0.4231,0.5781
Hibrido x6,CPU,cpu0,25,1,16777216,0.4654,0.7007
Hibrido x6,CPU,cpu1,27,1,16777216,0.4654,0.7125
Hibrido x6,CPU,cpu3,26,1,16777216,0.4654,0.7052
Hibrido x6,CPU,cpu4,28,1,16777216,0.4655,0.7025
Hibrido x6,CPU,cpu5,29,1,16777216,0.4656,0.753
Hibrido x6,CPU,cpu2,30,1,16777216,0.4658,0.7018
Hibrido x6,GPU,GPU,31,1,4194334,0.5782,0.5876
Hibrido x8,GPU,GPU,0,1,16777216,0.0006,0.0843
Hibrido x8,CPU,cpu0,1,1,16777216,0.0011,0.3409
Hibrido x8,CPU,cpu1,2,1,16777216,0.0012,0.3409
Hibrido x8,CPU,cpu2,3,1,16777216,0.0013,0.3649
Hibrido x8,CPU,cpu3,4,1,16777216,0.0014,0.3409
Hibrido x8,CPU,cpu4,5,1,16777216,0.0015,0.3541
Hibrido x8,CPU,cpu5,6,1,16777216,0.0016,0.3408
Hibrido x8,CPU,cpu6,7,1,16777216,0.0017,0.3408
Hibrido x8,CPU,cpu7,8,1,16777216,0.0018,0.3408
Hibrido x8,GPU,GPU,9,2,33554432,0.0844,0.1308
Hibrido x8,GPU,GPU,11,10,167772160,0.1309,0.358
Hibrido x8,CPU,cpu3,23,1,16777216,0.341,0.6378
Hibrido x8,CPU,cpu5,22,1,16777216,0.341,0.6355
Hibrido x8,CPU,cpu6,21,1,16777216,0.341,0.6174
Hibrido x8,CPU,cpu1,25,1,16777216,0.3411,0.6324
Hibrido x8,CPU,cpu7,24,1,16777216,0.3411,0.6285
Hibrido x8,CPU,cpu0,26,1,16777216,0.3412,0.636
Hibrido x8,CPU,cpu4,27,1,16777216,0.3544,0.6374
Hibrido x8,GPU,GPU,28,4,54525982,0.3582,0.4687
Hibrido x12,GPU,GPU,0,1,16777216,0.0006,0.1772
Hibrido x12,CPU,cpu0,1,1,16777216,0.0009,0.401
Hibrido x12,CPU,cpu1,2,1,16777216,0.001,0.4827
Hibrido x12,CPU,cpu2,3,1,16777216,0.0011,0.46
Hibrido x12,CPU,cpu3,4,1,16777216,0.0012,0.5395
Hibrido x12,CPU,cpu4,5,1,16777216,0.0013,0.5395
Hibrido x12,CPU,cpu5,6,1,16777216,0.0014,0.5759
Hibrido x12,CPU,cpu6,7,1,16777216,0.0015,0.3674
Hibrido x12,CPU,cpu7,8,1,16777216,0.0016,0.4431
Hibrido x12,CPU,cpu8,9,1,16777216,0.0017,0.5404
Hibrido x12,CPU,cpu9,10,1,16777216,0.0018,0.5415
Hibrido x12,CPU,cpu10,11,1,16777216,0.0019,0.5111
Hibrido x12,CPU,cpu11,12,1,16777216,0.0036,0.5102
Hibrido x12,GPU,GPU,13,1,16777216,0.1774,0.7061
Hibrido x12,CPU,cpu6,14,1,16777216,0.3677,0.8624
Hibrido x12,CPU,cpu0,15,1,16777216,0.4014,1.0178
Hibrido x12,CPU,cpu7,16,1,16777216,0.4433,0.9324
Hibrido x12,CPU,cpu2,17,1,16777216,0.4603,0.9057
Hibrido x12,CPU,cpu1,18,1,16777216,0.4831,0.9772
Hibrido x12,CPU,cpu11,19,1,16777216,0.5104,0.926
Hibrido x12,CPU,cpu10,20,1,16777216,0.5112,1.0103
Hibrido x12,CPU,cpu3,21,1,16777216,0.5397,0.9784
Hibrido x12,CPU,cpu4,22,1,16777216,0.5397,0.9944
Hibrido x12,CPU,cpu8,23,1,16777216,0.5406,1.009
Hibrido x12,CPU,cpu9,24,1,16777216,0.5417,0.9787
Hibrido x12,CPU,cpu5,25,1,16777216,0.5763,1.0177
Hibrido x12,GPU,GPU,26,1,16777216,0.7062,0.7674
Hibrido x12,GPU,GPU,27,4,67108864,0.7676,1.0204
Hibrido x12,CPU,cpu6,31,1,4194334,0.8627,0.9616
Trozo 8 MB,GPU,GPU,0,1,8388608,0.0144,0.1332
Trozo 8 MB,CPU,cpu0,1,1,8388608,0.0303,0.0991
Trozo 8 MB,CPU,cpu1,2,1,8388608,0.0304,0.1008
Trozo 8 MB,CPU,cpu2,3,1,8388608,0.0305,0.1077
Trozo 8 MB,CPU,cpu3,4,1,8388608,0.0305,0.1077
Trozo 8 MB,CPU,cpu0,5,3,25165824,0.0992,0.4395
Trozo 8 MB,CPU,cpu1,8,3,25165824,0.1009,0.4395
Trozo 8 MB,CPU,cpu2,11,3,25165824,0.1078,0.4395
Trozo 8 MB,CPU,cpu3,14,3,25165824,0.1078,0.4395
Trozo 8 MB,GPU,GPU,17,2,16777216,0.1334,0.1759
Trozo 8 MB,GPU,GPU,19,11,92274688,0.1759,0.3252
Trozo 8 MB,GPU,GPU,30,18,150994944,0.3253,0.5136
Trozo 8 MB,CPU,cpu2,48,2,16777216,0.4396,0.6365
Trozo 8 MB,CPU,cpu0,54,2,16777216,0.4397,0.6361
Trozo 8 MB,CPU,cpu1,50,2,16777216,0.4397,0.6472
Trozo 8 MB,CPU,cpu3,52,2,16777216,0.4397,0.6456
Trozo 8 MB,GPU,GPU,56,7,54525982,0.5137,0.6497
Trozo 16 MB,GPU,GPU,0,1,16777216,0.0008,0.0251
Trozo 16 MB,CPU,cpu0,1,1,16777216,0.0013,0.2397
Trozo 16 MB,CPU,cpu1,2,1,16777216,0.0013,0.2426
Trozo 16 MB,CPU,cpu2,3,1,16777216,0.0014,0.2081
Trozo 16 MB,CPU,cpu3,4,1,16777216,0.0015,0.2714
Trozo 16 MB,GPU,GPU,5,10,167772160,0.0253,0.2077
Trozo 16 MB,GPU,GPU,15,13,218103808,0.2078,0.3924
Trozo 16 MB,CPU,cpu2,28,1,16777216,0.2082,0.3871
Trozo 16 MB,CPU,cpu0,29,1,16777216,0.24,0.4405
Trozo 16 MB,CPU,cpu1,30,1,16777216,0.2428,0.4251
Trozo 16 MB,CPU,cpu3,31,1,4194334,0.2716,0.3566
Trozo 32 MB,GPU,GPU,0,1,33554432,0.0008,0.0726
Trozo 32 MB,CPU,cpu0,1,1,33554432,0.0012,0.434
Trozo 32 MB,CPU,cpu1,2,1,33554432,0.0012,0.413
Trozo 32 MB,CPU,cpu2,3,1,33554432,0.0013,0.4105
Trozo 32 MB,CPU,cpu3,4,1,33554432,0.0017,0.4248
Trozo 32 MB,GPU,GPU,5,3,100663296,0.0727,0.1742
Trozo 32 MB,GPU,GPU,8,7,234881024,0.1744,0.4269
Trozo 32 MB,CPU,cpu2,15,1,20971550,0.4106,0.5194
Trozo 64 MB,GPU,GPU,0,1,67108864,0.0007,0.081
Trozo 64 MB,CPU,cpu0,1,1,67108864,0.001,0.7137
Trozo 64 MB,CPU,cpu1,2,1,67108864,0.001,0.7117
Trozo 64 MB,CPU,cpu2,3,1,67108864,0.0011,0.7186
Trozo 64 MB,CPU,cpu3,4,1,67108864,0.0012,0.7056
Trozo 64 MB,GPU,GPU,5,3,188743710,0.081,0.3029
50 MB,GPU,GPU,0,1,16777216,0.0007,0.0199
50 MB,GPU,GPU,1,3,35651642,0.02,0.079
50 MB,GPU,GPU,0,1,16777216,0.0004,0.0307
50 MB,CPU,cpu0,1,1,16777216,0.0007,0.1036
50 MB,CPU,cpu1,2,1,16777216,0.0015,0.1035
50 MB,CPU,cpu2,3,1,2097210,0.0015,0.0174
200 MB,GPU,GPU,0,1,16777216,0.0009,0.0228
200 MB,GPU,GPU,1,11,184549376,0.0228,0.2071
200 MB,GPU,GPU,12,1,8388633,0.2072,0.2199
200 MB,GPU,GPU,0,1,16777216,0.0006,0.0272
200 MB,CPU,cpu0,1,1,16777216,0.0008,0.1852
200 MB,CPU,cpu1,2,1,16777216,0.0009,0.1911
200 MB,CPU,cpu2,3,1,16777216,0.0009,0.191
200 MB,CPU,cpu3,4,1,16777216,0.001,0.1768
200 MB,GPU,GPU,5,8,125829145,0.0273,0.1833
500 MB,GPU,GPU,0,1,16777216,0.0007,0.015
500 MB,GPU,GPU,1,17,285212672,0.015,0.16
500 MB,GPU,GPU,18,14,222298142,0.16,0.2889
500 MB,GPU,GPU,0,1,16777216,0.0007,0.0293
500 MB,CPU,cpu0,1,1,16777216,0.0009,0.1844
500 MB,CPU,cpu1,2,1,16777216,0.001,0.2121
500 MB,CPU,cpu2,3,1,16777216,0.001,0.1936
500 MB,CPU,cpu3,4,1,16777216,0.0011,0.2039
500 MB,GPU,GPU,5,8,134217728,0.0294,0.2228
500 MB,CPU,cpu0,13,1,16777216,0.1845,0.421
500 MB,CPU,cpu2,14,1,16777216,0.1937,0.3775
500 MB,CPU,cpu3,15,1,16777216,0.204,0.4654
500 MB,CPU,cpu1,16,1,16777216,0.2122,0.4296
500 MB,GPU,GPU,17,10,167772160,0.2229,0.4398
500 MB,CPU,cpu2,27,1,16777216,0.3776,0.5279
500 MB,CPU,cpu0,28,1,16777216,0.4211,0.5523
500 MB,CPU,cpu1,29,1,16777216,0.4297,0.5713
500 MB,GPU,GPU,30,2,20971550,0.4399,0.5027
