posicion,fila,columna,cadena_a,cadena_b
483,7,4,N,A
8461,106,62,N,T
9458,119,19,N,T
10564,133,5,c,A
11207,141,8,C,A
11841,149,2,C,T
14864,186,65,G,T
17661,221,62,A,T
20128,252,49,C,G
20311,254,72,A,G
21707,272,28,C,G
22037,276,38,C,G
24907,312,28,G,T
25793,323,34,T,A
32828,411,29,T,A
34191,428,32,G,A
40969,513,10,T,A
43640,546,41,C,T
44516,557,37,T,A
46214,578,55,a,G
46932,587,53,T,A
47946,600,27,t,C
49061,614,22,t,G
50413,631,14,A,G
50652,634,13,a,C
51934,650,15,C,G
53192,665,73,c,A
54384,680,65,C,A
57310,717,31,G,C
57495,719,56,G,T
58271,729,32,G,T
59364,743,5,C,A
59609,746,10,T,C
62656,784,17,t,C
64615,808,56,c,T
65453,819,14,A,G
67694,847,15,G,A
69913,874,74,T,A
70786,885,67,A,G
72549,907,70,g,T
73007,913,48,g,T
74873,936,74,t,G
74895,937,16,t,C
75297,942,18,c,C
78189,978,30,a,G
79209,991,10,A,C
81702,1022,23,T,A
84414,1056,15,A,C
88426,1106,27,G,T
89386,1118,27,T,G
93919,1174,80,g,T
97671,1221,72,a,C
98395,1230,76,t,C
99446,1244,7,C,T
100276,1254,37,A,G
101507,1269,68,a,C
104330,1305,11,T,C
104436,1306,37,T,C
115498,1444,59,a,C
118922,1487,43,T,C
118990,1488,31,a,T
121799,1523,40,T,C
125504,1569,65,t,T
127433,1593,74,A,C
127984,1600,65,c,A
128615,1608,56,t,T
128875,1611,76,t,A
135328,1692,49,g,T
137116,1714,77,g,C
137750,1722,71,c,C
141107,1764,68,T,C
142337,1780,18,g,G
142584,1783,25,C,T
145187,1815,68,c,C
146024,1826,25,C,T
147365,1843,6,a,G
147542,1845,23,C,A
152557,1907,78,g,A
155955,1950,36,G,A
156312,1954,73,g,T
156414,1956,15,g,T
162700,2034,61,a,T
163862,2049,23,c,A
166230,2078,71,g,T
168026,2101,27,A,T
168138,2102,59,G,A
170657,2134,18,A,G
172239,2153,80,C,A
174800,2186,1,a,T
174853,2186,54,g,A
179093,2239,54,c,G
181038,2263,79,G,A
184054,2301,55,A,T
184683,2309,44,T,G
185184,2315,65,T,G
185670,2321,71,C,A
185691,2322,12,C,A
186343,2330,24,t,C
186645,2334,6,C,A
188266,2354,27,C,A
193227,2416,28,C,A
196461,2456,62,T,G
205505,2569,66,A,G
207398,2593,39,g,G
207709,2597,30,N,G
210755,2635,36,N,G
212556,2657,77,N,A
213429,2668,70,N,T
214797,2685,78,N,A
218286,2729,47,N,C
221477,2769,38,N,A
221993,2775,74,N,G
224772,2810,53,N,A
224830,2811,31,N,G
225100,2814,61,N,T
226338,2830,19,N,A
228010,2851,11,N,G
229177,2865,58,N,G
230538,2882,59,N,C
231313,2892,34,N,C
232207,2903,48,N,C
234467,2931,68,N,C
239228,2991,29,N,C
243143,3040,24,N,C
248528,3107,49,N,C
255348,3192,69,N,G
256683,3209,44,N,A
260104,3252,25,T,G
260274,3254,35,c,T
260735,3260,16,G,T
261958,3275,39,a,A
262261,3279,22,t,T
262532,3282,53,G,C
264789,3310,70,C,T
264988,3313,29,G,A
269090,3364,51,A,C
269750,3372,71,C,A
270438,3381,39,t,C
273136,3415,17,A,T
273446,3419,7,A,C
279667,3496,68,a,C
281796,3523,37,T,C
282041,3526,42,G,A
288113,3602,34,A,T
291320,3642,41,A,G
292969,3663,10,C,G
294115,3677,36,T,A
294553,3682,74,T,G
294661,3684,22,t,T
294746,3685,27,t,C
294775,3685,56,g,T
294906,3687,27,A,C
296632,3708,73,T,G
299273,3741,74,N,C
300024,3751,25,N,T
301732,3772,53,N,T
302591,3783,32,N,G
304942,3812,63,N,G
317092,3964,53,N,A
317155,3965,36,N,C
317337,3967,58,N,G
317626,3971,27,N,G
319135,3990,16,N,A
329232,4116,33,N,G
329697,4122,18,N,T
334400,4181,1,N,C
336920,4212,41,N,C
341434,4268,75,N,T
341718,4272,39,N,G
344334,4305,15,N,C
347202,4341,3,N,G
348121,4352,42,G,A
354327,4430,8,A,C
354465,4431,66,C,G
358842,4486,43,t,C
364192,4553,33,G,A
364707,4559,68,C,A
366167,4578,8,G,C
366831,4586,32,A,C
372187,4653,28,C,T
374068,4676,69,t,C
374494,4682,15,C,A
374598,4683,39,G,C
374804,4686,5,T,A
376610,4708,51,g,T
377031,4713,72,C,G
377407,4718,48,G,T
380123,4752,44,G,T
381379,4768,20,C,A
386097,4827,18,T,C
386859,4836,60,T,C
390815,4886,16,C,T
398066,4976,67,T,A
398410,4981,11,A,C
402741,5035,22,G,T
402757,5035,38,T,C
403614,5046,15,T,A
405365,5068,6,t,C
406201,5078,42,T,C
406559,5082,80,T,C
406947,5087,68,A,T
407728,5097,49,T,G
411166,5140,47,C,T
413303,5167,24,T,G
413679,5171,80,g,G
421737,5272,58,T,C
425181,5315,62,T,A
425670,5321,71,A,T
425996,5325,77,t,C
428116,5352,37,A,T
430805,5386,6,C,T
435620,5446,21,g,C
441944,5525,25,g,C
442338,5530,19,c,C
442687,5534,48,a,C
446150,5577,71,a,A
448574,5608,15,t,G
450911,5637,32,A,G
451724,5647,45,A,G
454287,5679,48,G,T
455117,5689,78,C,G
455631,5696,32,A,T
456340,5705,21,T,C
457949,5725,30,A,T
458470,5731,71,T,G
461475,5769,36,a,C
463977,5800,58,a,T
465857,5824,18,A,G
470052,5876,53,A,T
472425,5906,26,A,G
474548,5932,69,a,A
476895,5962,16,G,T
477565,5970,46,a,T
481921,6025,2,t,C
482012,6026,13,t,C
483489,6044,50,T,G
483520,6045,1,C,G
487573,6095,54,G,T
487853,6099,14,C,G
488336,6105,17,A,G
488895,6112,16,T,C
491078,6139,39,G,A
491761,6148,2,C,A
494048,6176,49,c,A
494623,6183,64,g,G
495309,6192,30,t,G
497528,6220,9,G,C
498942,6237,63,A,C
500216,6253,57,C,A
511432,6393,73,g,C
513020,6413,61,t,A
515185,6440,66,a,G
515505,6444,66,c,G
518761,6485,42,A,T
519807,6498,48,C,T
522924,6537,45,T,G
525599,6570,80,a,A
525670,6571,71,T,G
527271,6591,72,c,C
527859,6599,20,C,A
529293,6617,14,C,A
533359,6667,80,c,T
535908,6699,69,a,C
536275,6704,36,N,A
538546,6732,67,N,T
547996,6850,77,N,C
548162,6853,3,N,G
549728,6872,49,N,A
552479,6906,80,N,G
555508,6944,69,N,T
555884,6949,45,N,T
556829,6961,30,N,A
556978,6963,19,N,C
557549,6970,30,N,C
558893,6987,14,N,G
564974,7063,15,N,T
565764,7073,5,N,C
571566,7145,47,N,T
572907,7162,28,N,C
579348,7242,69,N,C
580033,7251,34,N,G
581101,7264,62,N,A
582741,7285,22,N,A
587249,7341,50,g,G
587781,7348,22,C,T
587897,7349,58,T,C
590780,7385,61,a,G
592371,7405,52,T,G
593010,7413,51,C,G
597508,7469,69,c,T
599311,7492,32,t,T
600979,7513,20,C,A
601904,7524,65,A,C
605217,7566,18,T,A
607706,7597,27,t,C
614022,7676,23,A,T
615207,7691,8,C,A
617333,7717,54,T,G
618354,7730,35,c,T
619656,7746,57,A,T
620335,7755,16,T,G
626001,7826,2,T,G
627619,7846,20,C,A
630225,7878,66,A,G
630287,7879,48,C,G
630301,7879,62,A,G
631893,7899,54,G,C
635286,7942,7,A,T
639382,7993,23,C,A
640423,8006,24,T,C
642307,8029,68,C,G
642424,8031,25,A,T
642854,8036,55,G,T
643155,8040,36,A,T
647013,8088,54,t,G
650627,8133,68,C,G
652693,8159,54,A,G
658737,8235,18,G,A
658891,8237,12,A,T
659869,8249,30,G,T
660700,8259,61,C,G
662669,8284,30,g,T
663174,8290,55,g,C
664980,8313,21,a,T
665004,8313,45,a,T
666693,8334,54,G,C
667252,8341,53,t,A
668667,8359,28,c,G
669241,8366,42,g,A
672125,8402,46,T,A
673504,8419,65,g,T
677532,8470,13,a,T
677636,8471,37,a,T
682432,8531,33,A,G
682476,8531,77,C,T
685195,8565,76,T,G
691215,8641,16,g,G
692668,8659,29,T,G
694474,8681,75,a,C
697453,8719,14,A,T
700197,8753,38,g,T
701339,8767,60,G,T
702213,8778,54,g,G
702650,8784,11,C,G
706792,8835,73,T,G
707171,8840,52,T,G
710661,8884,22,g,A
712067,8901,68,a,C
712850,8911,51,T,C
718768,8985,49,c,G
719845,8999,6,a,G
729373,9118,14,T,A
730995,9138,36,A,T
732915,9162,36,a,G
733180,9165,61,t,G
736242,9204,3,g,G
739620,9246,21,g,G
739837,9248,78,g,C
741364,9268,5,A,G
741380,9268,21,G,T
742385,9280,66,T,G
750551,9382,72,c,C
751820,9398,61,g,C
752210,9403,51,G,A
754155,9427,76,G,A
755213,9441,14,a,C
759268,9491,69,c,T
760072,9501,73,T,G
761344,9517,65,G,C
761588,9520,69,G,T
764638,9558,79,T,G
766562,9583,3,t,A
766881,9587,2,G,T
771456,9644,17,c,C
774336,9680,17,C,A
775478,9694,39,G,C
776712,9709,73,t,G
781652,9771,53,g,G
785245,9816,46,C,G
785642,9821,43,g,G
785669,9821,70,c,T
785690,9822,11,t,T
790234,9878,75,c,C
791616,9896,17,a,T
792281,9904,42,C,T
795863,9949,24,c,A
800172,10003,13,t,A
800607,10008,48,g,A
800858,10011,59,c,A
806636,10083,77,t,A
806694,10084,55,T,C
807224,10091,25,A,C
815133,10190,14,T,A
818507,10232,28,G,C
820213,10253,54,A,G
822214,10278,55,C,A
829192,10365,73,c,A
830325,10380,6,C,G
842207,10528,48,G,T
842411,10531,12,A,C
844544,10557,65,t,C
848156,10602,77,A,G
848471,10606,72,G,T
851961,10650,42,C,G
860031,10751,32,A,T
861358,10767,79,A,T
861931,10775,12,G,A
866179,10828,20,T,C
866239,10828,80,G,A
867685,10847,6,G,A
871778,10898,19,A,T
879219,10991,20,G,T
879373,10993,14,a,G
881623,11021,24,t,G
882541,11032,62,g,G
883129,11040,10,t,G
886930,11087,51,G,C
888424,11106,25,a,C
889577,11120,58,T,A
889737,11122,58,A,C
892307,11154,68,a,A
892522,11157,43,t,A
895497,11194,58,c,G
897910,11224,71,c,G
899023,11238,64,c,G
899376,11243,17,G,T
909679,11371,80,G,T
910607,11383,48,A,C
910712,11384,73,A,T
914694,11434,55,c,G
915974,11450,55,G,C
922332,11530,13,A,T
923042,11539,3,T,A
925852,11574,13,G,A
926841,11586,42,T,C
932363,11655,44,A,G
933965,11675,46,C,A
939746,11747,67,C,G
940474,11756,75,T,G
941012,11763,53,G,C
941403,11768,44,g,G
943002,11788,43,A,T
946526,11832,47,C,G
946998,11838,39,g,A
947971,11850,52,G,T
953008,11913,49,C,A
953885,11924,46,A,G
959179,11990,60,G,C
960881,12012,2,C,A
962521,12032,42,T,G
963820,12048,61,A,G
966141,12077,62,c,A
968874,12111,75,A,G
970796,12135,77,G,C
972983,12163,24,G,T
973247,12166,48,C,G
974205,12178,46,a,G
974576,12183,17,G,C
975326,12192,47,G,T
987147,12340,28,g,G
988672,12359,33,C,A
990608,12383,49,C,A
990981,12388,22,c,T
993820,12423,61,c,C
995235,12441,36,c,C
1002062,12526,63,C,G
1005740,12572,61,G,T
1007108,12589,69,C,T
1010695,12634,56,C,T
1010910,12637,31,c,T
1011692,12647,13,T,A
1015382,12693,23,G,A
1019584,12745,65,C,G
1025279,12816,80,C,A
1026505,12832,26,C,G
1028103,12852,24,T,A
1032751,12910,32,A,C
1036968,12963,9,C,A
1037732,12972,53,G,A
1037866,12974,27,C,A
1044940,13062,61,c,C
1046941,13087,62,G,C
1048628,13108,69,g,T
1049413,13118,54,C,G
1050714,13134,75,C,A
1052703,13159,64,g,A
1053229,13166,30,C,A
1053953,13175,34,C,G
1054758,13185,39,C,T
1057270,13216,71,c,T
1059182,13240,63,A,G
1060251,13254,12,g,A
1061946,13275,27,C,T
1065974,13325,55,g,A
1069390,13368,31,C,G
1069571,13370,52,G,A
1071820,13398,61,T,C
1072654,13409,15,C,A
1073776,13423,17,g,T
1074242,13429,3,G,T
